{
    "17": 0.5508021390374331,
    "18": 0.17647058823529413,
    "19": 0.10160427807486631,
    "20": 0.10695187165775401,
    "21": 0.06417112299465241
}