{
    "4": 0.0,
    "5": 0.0,
    "6": 0.0,
    "7": 0.0,
    "8": 0.0,
    "9": 0.0,
    "10": 0.0,
    "11": 0.0,
    "12": 0.29417080885675556,
    "13": 0.34923262112548903,
    "14": 0.3997762148337596,
    "15": 0.4611567419575633,
    "16": 0.5141263940520446,
    "17": 0.5780141843971631,
    "18": 0.633362676056338,
    "19": 0.661896677176813,
    "20": 0.8104707792207793,
    "21": 0.0
}