{
    "10": 0.22808870116156282,
    "11": 0.10810810810810811,
    "2": 0.32701421800947866,
    "3": 0.36693548387096775,
    "4": 0.40336134453781514,
    "5": 0.3944223107569721,
    "6": 0.38596491228070173,
    "7": 0.21428571428571427,
    "8": 0.19617224880382775,
    "9": 0.21634615384615385
}